{
  "version": 1,
  "author": "SPyofgame200",
  "editor": "wokwi",
  "parts": [
    { "type": "wokwi-breadboard", "id": "bb1", "top": -51, "left": -323.6, "attrs": {} },
    {
      "type": "board-esp32-devkit-c-v4",
      "id": "esp",
      "top": -49.66,
      "left": -34.7,
      "rotate": 90,
      "attrs": {}
    },
    {
      "type": "wokwi-dht22",
      "id": "dht1",
      "top": -182.1,
      "left": 42.6,
      "attrs": { "temperature": "80", "humidity": "100" }
    },
    {
      "type": "wokwi-ntc-temperature-sensor",
      "id": "ntc1",
      "top": 175.4,
      "left": -211.8,
      "attrs": {}
    },
    { "type": "wokwi-vcc", "id": "vcc1", "top": 106.36, "left": 345.6, "attrs": {} },
    { "type": "wokwi-lcd1602", "id": "lcd1", "top": -255.77, "left": -358.4, "attrs": {} },
    {
      "type": "wokwi-led",
      "id": "led1",
      "top": -195.6,
      "left": 157.4,
      "attrs": { "color": "red" }
    },
    {
      "type": "wokwi-resistor",
      "id": "r1",
      "top": -130.45,
      "left": 182.4,
      "attrs": { "value": "330" }
    }
  ],
  "connections": [
    [ "esp:TX", "$serialMonitor:RX", "", [] ],
    [ "esp:RX", "$serialMonitor:TX", "", [] ],
    [ "ntc1:VCC", "bb1:bp.26", "red", [ "h9.6", "v-133.5" ] ],
    [ "esp:15", "dht1:SDA", "orange", [ "v-163.2", "h115.1" ] ],
    [ "esp:3V3", "bb1:bp.34", "green", [ "v0" ] ],
    [ "dht1:VCC", "bb1:bp.37", "red", [ "v9.6", "h86.4", "v192.9" ] ],
    [ "bb1:bp.49", "vcc1:VCC", "green", [ "v0" ] ],
    [ "esp:32", "ntc1:OUT", "green", [ "v67.35", "h-57.6" ] ],
    [ "bb1:bp.1", "lcd1:VDD", "green", [ "h-39.2", "v-221.7", "h-0.1" ] ],
    [ "esp:GND.3", "bb1:tn.29", "black", [ "v0" ] ],
    [ "dht1:GND", "bb1:tn.33", "black", [ "v0" ] ],
    [ "ntc1:GND", "bb1:tn.16", "black", [ "h0" ] ],
    [ "lcd1:VSS", "bb1:tn.1", "green", [ "v0" ] ],
    [ "esp:16", "lcd1:RS", "blue", [ "h-249.6", "v-201.6", "h-38.7" ] ],
    [ "lcd1:RW", "bb1:tn.5", "violet", [ "v48", "h48.7" ] ],
    [ "esp:17", "lcd1:E", "white", [ "v-211.2", "h-278.4" ] ],
    [ "lcd1:D4", "esp:18", "gray", [ "v38.4", "h249.6" ] ],
    [ "lcd1:D5", "esp:19", "red", [ "h0.1", "v48", "h249.6" ] ],
    [ "esp:21", "lcd1:D6", "black", [ "v-9.6", "h-259.4" ] ],
    [ "lcd1:D7", "esp:22", "green", [ "v240", "h278.7" ] ],
    [ "lcd1:A", "bb1:bp.9", "green", [ "v0" ] ],
    [ "lcd1:K", "bb1:tn.10", "green", [ "v0" ] ],
    [ "led1:C", "r1:1", "green", [ "v0" ] ],
    [ "r1:2", "bb1:tn.46", "green", [ "v0" ] ],
    [ "esp:2", "led1:A", "cyan", [ "v-115.2", "h220.8" ] ],
    [ "esp:0", "bb1:29b.j", "", [ "$bb" ] ],
    [ "esp:2", "bb1:28b.j", "", [ "$bb" ] ],
    [ "esp:4", "bb1:30b.j", "", [ "$bb" ] ],
    [ "esp:5", "bb1:33b.j", "", [ "$bb" ] ],
    [ "esp:12", "bb1:30t.b", "", [ "$bb" ] ],
    [ "esp:13", "bb1:28t.b", "", [ "$bb" ] ],
    [ "esp:14", "bb1:31t.b", "", [ "$bb" ] ],
    [ "esp:15", "bb1:27b.j", "", [ "$bb" ] ],
    [ "esp:16", "bb1:31b.j", "", [ "$bb" ] ],
    [ "esp:17", "bb1:32b.j", "", [ "$bb" ] ],
    [ "esp:18", "bb1:34b.j", "", [ "$bb" ] ],
    [ "esp:19", "bb1:35b.j", "", [ "$bb" ] ],
    [ "esp:21", "bb1:37b.j", "", [ "$bb" ] ],
    [ "esp:22", "bb1:40b.j", "", [ "$bb" ] ],
    [ "esp:23", "bb1:41b.j", "", [ "$bb" ] ],
    [ "esp:25", "bb1:34t.b", "", [ "$bb" ] ],
    [ "esp:26", "bb1:33t.b", "", [ "$bb" ] ],
    [ "esp:27", "bb1:32t.b", "", [ "$bb" ] ],
    [ "esp:32", "bb1:36t.b", "", [ "$bb" ] ],
    [ "esp:33", "bb1:35t.b", "", [ "$bb" ] ],
    [ "esp:34", "bb1:38t.b", "", [ "$bb" ] ],
    [ "esp:35", "bb1:37t.b", "", [ "$bb" ] ],
    [ "esp:3V3", "bb1:42t.b", "", [ "$bb" ] ],
    [ "esp:EN", "bb1:41t.b", "", [ "$bb" ] ],
    [ "esp:VP", "bb1:40t.b", "", [ "$bb" ] ],
    [ "esp:VN", "bb1:39t.b", "", [ "$bb" ] ],
    [ "esp:GND.1", "bb1:29t.b", "", [ "$bb" ] ],
    [ "esp:D2", "bb1:27t.b", "", [ "$bb" ] ],
    [ "esp:D3", "bb1:26t.b", "", [ "$bb" ] ],
    [ "esp:CMD", "bb1:25t.b", "", [ "$bb" ] ],
    [ "esp:5V", "bb1:24t.b", "", [ "$bb" ] ],
    [ "esp:GND.2", "bb1:42b.j", "", [ "$bb" ] ],
    [ "esp:TX", "bb1:39b.j", "", [ "$bb" ] ],
    [ "esp:RX", "bb1:38b.j", "", [ "$bb" ] ],
    [ "esp:GND.3", "bb1:36b.j", "", [ "$bb" ] ],
    [ "esp:D1", "bb1:26b.j", "", [ "$bb" ] ],
    [ "esp:D0", "bb1:25b.j", "", [ "$bb" ] ],
    [ "esp:CLK", "bb1:24b.j", "", [ "$bb" ] ]
  ],
  "dependencies": {}
}